<?xml version='1.0' encoding='utf-8'?>
<theme name="Green Garden" public="true">
    <description>
Всё зелёное
    </description>
	    <html_top>
        <![CDATA[
		
                <div class="logo_spb"></div>
				<div class="text"></div> 		 
				<div class="top"></div>
				<div class="menu"> 
                     <table width="100%" Cellspacing="0">
                         <td><a href="http://gov.spb.ru/gov/governor/dialog"><img src="/media/images/button1.png" border="0"></a></td>
                         <td><a href="http://gov.spb.ru/gov/governor/radio_roc"><img src="/media/images/button2.png" border="0"></a></td>
                         <td><a href="http://gov.spb.ru/gov/governor/visit/obiezd"><img src="/media/images/button3.png" border="0"></a></td>
                         <td><a href="http://gov.spb.ru/press/foto"><img src="/media/images/button4.png" border="0"></a></td>
                         <td><a href="http://gov.spb.ru/press/video"><img src="/media/images/button5.png" border="0"></a></td>
                      </table>
                </div> 
				
				
				
				
				
        ]]>
    </html_top>

</theme>